,text,elapsed_time,sadness,joy,love,anger,fear,surprise
0,æ™‚ä¾¡ç·é¡300å„„å††ä»¥ä¸‹ã®ä»®æƒ³é€šè²¨é–¢é€£éŠ˜æŸ„â‘ ,0.05380800000000008,0.2029869109392166,0.3190268576145172,0.03278166055679321,0.19723673164844513,0.22233650088310242,0.025631247088313103
1, ï¼ˆ5æœˆ25æ—¥çµ‚å€¤ãƒ™ãƒ¼ã‚¹ï¼‰,0.035109999999999975,0.08549672365188599,0.38721418380737305,0.019124161452054977,0.3694404661655426,0.12748703360557556,0.011237479746341705
2, 3691 ãƒªã‚¢ãƒ«ãƒ¯ãƒ¼ãƒ«ãƒ‰ 42å„„,0.03663900000000009,0.12468841671943665,0.5714237093925476,0.015181784518063068,0.16023704409599304,0.11785776913166046,0.010611330159008503
3, 6180 ï¼§ï¼­ï¼¯ãƒ¡ãƒ‡ã‚£ã‚¢ 47å„„,0.02794300000000005,0.2096211314201355,0.3362761437892914,0.011488501913845539,0.25182032585144043,0.17890504002571106,0.011888834647834301
4, 2743 ãƒ”ã‚¯ã‚»ãƒ«ã‚«ãƒ³ãƒ‘ãƒ‹ãƒ¼ã‚º 60å„„,0.03610900000000017,0.12532883882522583,0.5786105990409851,0.01644277013838291,0.1519862711429596,0.11190736293792725,0.015724139288067818
5, 6177 ï¼¡ï½ï½ï¼¢ï½ï½ï½‹ 61å„„,0.029183999999999877,0.21593113243579865,0.32114529609680176,0.012125473469495773,0.29112744331359863,0.14936038851737976,0.010310277342796326
6, 3690 ãƒ­ãƒƒã‚¯ã‚ªãƒ³ 76...,0.034330000000000194,0.05174030363559723,0.5383335947990417,0.006648198235780001,0.29940858483314514,0.09683828055858612,0.007030996028333902
7,"RT @OrganicConsumer: WOW â¡ï¸ ""In #Canada, GE #salmon are already being sold and eaten, to the tune of 5 tons in 2017, and could be coming toâ€¦",0.0648439999999999,0.005538647063076496,0.9602727890014648,0.001317257760092616,0.02183017134666443,0.009281165897846222,0.0017598713748157024
8,"RT @MichielSyngenta: #GMO corn is #safe and even has health benefits, analysis of 6,000 studies concludes https://t.co/T0BFyVq7oW",0.07128600000000018,0.0007175867795012891,0.9972003698348999,0.0004746542836073786,0.0007889056578278542,0.0005960449343547225,0.00022257304226513952
9,ãƒ‰ã‚³ãƒ¢ãƒ¦ãƒ¼ã‚¶ãƒ¼ãªã‚‰ãƒ‰ã‚³ãƒ¢å…‰ï¼,0.023655000000000204,0.09231017529964447,0.5436905026435852,0.010547664016485214,0.2716499865055084,0.07186815142631531,0.009933515451848507
10, GMOã¨ãã¨ãBBã®ãƒ‰ã‚³ãƒ¢å…‰ãªã‚‰ã€v6ãƒ—ãƒ©ã‚¹ã§å…¨å›½å¹³å‡210Mbpsè¶…ãˆ&amp;Wi-Fiãƒ«ãƒ¼ã‚¿ãƒ¼ç„¡æ–™ï¼†dãƒã‚¤ãƒ³ãƒˆ2ä¸‡ptãƒ—ãƒ¬ã‚¼ãƒ³ãƒˆï¼†ã‚»ã‚­ãƒ¥ãƒªãƒ†ã‚£1å¹´ç„¡æ–™ï¼,0.10869799999999996,0.05071937292814255,0.8036073446273804,0.01096266508102417,0.07573408633470535,0.05259446054697037,0.006381979677826166
11, ãƒ‰ã‚³ãƒ¢å…‰ãƒ‘ãƒƒã‚¯ã§æ¯...,0.03692299999999982,0.07090906798839569,0.3950708508491516,0.007053179666399956,0.38565874099731445,0.13512712717056274,0.0061810933984816074
12,RT @WhalePenny: Check out my DD package for $RBIZ,0.038371000000000155,0.009920422919094563,0.9323184490203857,0.002506815828382969,0.04381652548909187,0.00987220648676157,0.001565523212775588
13," The next penny runner! way undervalued, should reach 0.01 short term ",0.043556999999999846,0.40324121713638306,0.4287891089916229,0.0035539541859179735,0.12998799979686737,0.03020757995545864,0.004220157396048307
14, https://t.co/ntKTiaâ€¦,0.036340999999999735,0.022737348452210426,0.4291592836380005,0.006985833402723074,0.2692848742008209,0.266641765832901,0.005190880969166756
15,"RT @AJStein_de: #Health benefits, increased #flavor, longer #shelflife - new #GMO foods are designed with the #consumer in mind: https://t.â€¦",0.07016700000000009,0.0014461406972259283,0.992201566696167,0.0009913677349686623,0.003785972250625491,0.0011847512796521187,0.00039004991413094103
16,RT @JaeMajette: Yâ€™all. I donâ€™t know if I can just flake on eco styler and i still eat McDonaldâ€™s. Likeeeee ğŸ˜‚ğŸ˜‚ğŸ˜‚ All this gmo and chemical inâ€¦,0.07467900000000016,0.0012655481696128845,0.9947285056114197,0.0006745837745256722,0.002047679852694273,0.0009550507529638708,0.00032865020330064
17,Articles at https://t.co/mRLw4kzIxB : The secret takeover of our food supply by few giant American corporations and how corporations like Tyson are pioneers of meat racket     https://t.co/3tnXud3HpY  #Tyson #agribusiness #GMOs  The author and journalist...,0.1078389999999998,0.010108313523232937,0.39506587386131287,0.0044224862940609455,0.4765284061431885,0.1064358577132225,0.007439002860337496
18,"Articles at https://t.co/mRLw4kzIxB : After the release of the French study that linked Monsantos GMO corn with horrifying cancer tumors, Russia has now banned all Monsantos GMO corn:  https://t.co/aRraCcwrUD  #GMO #corn #Russia #Monsanto  Also find more...",0.11370600000000008,0.08213803917169571,0.011498083360493183,0.0012230743886902928,0.8897313475608826,0.014636393636465073,0.0007730019860900939
19,"Articles at https://t.co/mRLw4kzIxB : 2,4-D the main ingredient in Agent Orange Corn is once again pushed into the market as an herbicide by the chemical company Dow:      https://t.co/VvGQjjJo99  #USDA #GMO #herbicide #toxic  Agent Orange Corn resistant...",0.10140800000000016,0.03336501494050026,0.01353115402162075,0.002468612277880311,0.6696818470954895,0.2796371281147003,0.0013162754476070404
20,#Geneticallymodified vs. #geneedited: These #CRISPR-modified crops don't count as #GMOs https://t.co/9Y2pyrFX1h via @ConversationUS,0.06820199999999987,0.010726666077971458,0.9441421031951904,0.0025869712699204683,0.031556110829114914,0.009492906741797924,0.001495280652306974
21,RT @GeneticLiteracy: Where food security trumps ideology: 'People in Mozambique are not worried about GMOs' https://t.co/Nkn8ZXFaos via @joâ€¦,0.06782600000000016,0.0012830303749069571,0.0010449631372466683,0.00024974788539111614,0.003934665583074093,0.9931312203407288,0.00035635297535918653
22,RT @BTCTN: Japanâ€™s Internet Giant GMO Will Launch #7nm Bitcoin Miner on June 6. https://t.co/joGbwH8z4C https://t.co/VDECH68gal,0.08908199999999988,0.016272304579615593,0.8171439170837402,0.004187913611531258,0.11354482918977737,0.04628034308552742,0.0025706856977194548
23,Amazon Fire 7 with Alexa 7 Inch 8GB Tablet - Black Â£39* https://t.co/2t8NgDEXUL https://t.co/uYz4AuVwZV,0.0703750000000003,0.04721997678279877,0.5136837959289551,0.008065425790846348,0.27661624550819397,0.15020355582237244,0.004211059771478176
24,Coincidence? ,0.02251499999999984,0.01607930101454258,0.15569551289081573,0.005188524257391691,0.15180081129074097,0.6085538268089294,0.06268210709095001
25, I think not...,0.030259000000000036,0.17996151745319366,0.11320813745260239,0.0033547421917319298,0.6133155226707458,0.08788827806711197,0.002271771663799882
26, #SaveTheBees https://t.co/Ex84Vr777A,0.05248099999999978,0.02382500283420086,0.8871957659721375,0.004666386637836695,0.04442891106009483,0.037553220987319946,0.002330663613975048
27,"Ğ—Ğ°Ğ¿Ğ°Ğ´ Ñ‚Ñ€ĞµĞ±ÑƒĞµÑ‚ Ğ¾Ñ‚ Ğ£ĞºÑ€Ğ°Ğ¸Ğ½Ñ‹ Ğ¿Ñ€Ğ¸Ğ½ÑÑ‚Ğ¸Ñ Ğ·ĞµĞ¼ĞµĞ»ÑŒĞ½Ğ¾Ğ¹ Ñ€ĞµÑ„Ğ¾Ñ€Ğ¼Ñ‹, Ñ‡Ñ‚Ğ¾Ğ±Ñ‹ Ğ²Ñ‹Ñ€Ğ°Ñ‰Ğ¸Ğ²Ğ°Ñ‚ÑŒ Ğ±Ğ¾Ğ»ÑŒÑˆĞµ Ğ“ĞœĞ-Ğ¿Ñ€Ğ¾Ğ´ÑƒĞºÑ‚Ğ¾Ğ² https://t.co/PH8Kg2T5QN https://t.co/rcemysluGw",0.1352660000000001,0.04398861899971962,0.6094521880149841,0.010833666659891605,0.24211038649082184,0.08896352350711823,0.0046516647562384605
28,RT @JaeMajette: Yâ€™all. I donâ€™t know if I can just flake on eco styler and i still eat McDonaldâ€™s. Likeeeee ğŸ˜‚ğŸ˜‚ğŸ˜‚ All this gmo and chemical inâ€¦,0.06457299999999933,0.0012655481696128845,0.9947285056114197,0.0006745837745256722,0.002047679852694273,0.0009550507529638708,0.00032865020330064
29,"RT @OrganicConsumer: WOW â¡ï¸ ""In #Canada, GE #salmon are already being sold and eaten, to the tune of 5 tons in 2017, and could be coming toâ€¦",0.06030099999999994,0.005538647063076496,0.9602727890014648,0.001317257760092616,0.02183017134666443,0.009281165897846222,0.0017598713748157024
30,@EMTC_ Yeah it would. It would be the equivalent to stopping all GMO crops. About a billion people would be dead in under a month.,0.05518799999999935,0.8050360679626465,0.011785237118601799,0.0015618284232914448,0.06628870964050293,0.11128786951303482,0.004040251951664686
31,Federated Farmers drop legal action around #GMOs https://t.co/72y3as0Sq4,0.048631999999999564,0.03600791469216347,0.11733009666204453,0.0038718266878277063,0.7936325073242188,0.04733460769057274,0.0018229851266369224
32,RT @JaeMajette: Yâ€™all. I donâ€™t know if I can just flake on eco styler and i still eat McDonaldâ€™s. Likeeeee ğŸ˜‚ğŸ˜‚ğŸ˜‚ All this gmo and chemical inâ€¦,0.06913400000000003,0.0012655481696128845,0.9947285056114197,0.0006745837745256722,0.002047679852694273,0.0009550507529638708,0.00032865020330064
33,Organics group takes a new tack; revamping the farmworker visa program; GMO salmon https://t.co/583NUPH8GU,0.05703399999999981,0.008972221054136753,0.9407292604446411,0.0026186835020780563,0.03953446075320244,0.00712159276008606,0.0010239062830805779
34,"RT @Bitcoin: Japanâ€™s GMO Internet announced that it will unveil its flagship bitcoin mining machine, called GMO miner B2, equipped with theâ€¦",0.06353399999999976,0.0030151251703500748,0.9791840314865112,0.0012976484140381217,0.010189629159867764,0.004907618276774883,0.0014059956884011626
35,Date Set: Japanâ€™s Internet Giant GMO Will Launch 7nm #Bitcoin Miner on June 6 https://t.co/TA3bjOTQqk https://t.co/4UkMnsuLC0,0.07860600000000062,0.019871095195412636,0.7549669742584229,0.004794847685843706,0.1293439418077469,0.08764752745628357,0.003375624306499958
36,Amazing things happen here https://t.co/zXfXWmNgSd,0.040434999999999555,0.002542613772675395,0.08645224571228027,0.00147593067958951,0.0019435540307313204,0.006527251098304987,0.9010584354400635
37,RT @MennyValdz: #StaEngracia #Tamaulipas Halconcete vendedor de droga en la CBTA de ej Gmo ZuÃ±iga cc #cdvictoria  https://t.co/SyzhPyTfgY,0.08849600000000013,0.022895142436027527,0.7320699691772461,0.006380582693964243,0.16217702627182007,0.07329235970973969,0.0031849213410168886
38,GMO Internet lanzarÃ¡ el primer dispositivo de minerÃ­a basado en chips de 7 nanÃ³metros https://t.co/9MkarIho1t,0.060243999999999964,0.0176698025316,0.750001847743988,0.005062791984528303,0.11084005981683731,0.11047246307134628,0.005952964536845684
39,"@VanceCrowe @LeahMcGrathRD It was my ""GMO cotton"" comment that lured you in, wasn't it? Just kidding. Thank you so much for the kind words, Vance! I can't take the credit-- they just let me use a really nice studio.",0.09163699999999952,0.0005956162931397557,0.9845667481422424,0.003221111837774515,0.0072600506246089935,0.003128168871626258,0.0012283414835110307
40,GMO-debatten blir forsÃ¸plet av folk som mener at seleksjon og hybridisering er GMO.,0.05847999999999942,0.0061007472686469555,0.9307560324668884,0.0022851373068988323,0.032937128096818924,0.02598908543586731,0.0019319222774356604
41,RT @WhalePenny: Check out my DD package for $RBIZ,0.044802999999999926,0.009920422919094563,0.9323184490203857,0.002506815828382969,0.04381652548909187,0.00987220648676157,0.001565523212775588
42," The next penny runner! way undervalued, should reach 0.01 short term ",0.05014800000000008,0.40324121713638306,0.4287891089916229,0.0035539541859179735,0.12998799979686737,0.03020757995545864,0.004220157396048307
43, https://t.co/ntKTiaâ€¦,0.03839699999999979,0.022737348452210426,0.4291592836380005,0.006985833402723074,0.2692848742008209,0.266641765832901,0.005190880969166756
44,Date Set: Japanâ€™s Internet Giant GMO Will Launch 7nm Bitcoin Miner on June 6 https://t.co/P9pWccbeqG via @BTCTN,0.0724260000000001,0.018520638346672058,0.7393836379051208,0.004980184603482485,0.13281205296516418,0.10077131539583206,0.003532169619575143
45,GMO Internet lanzarÃ¡ el primer dispositivo de minerÃ­a basado en chips de 7 nanÃ³metros https://t.co/b1TCbtDkH1,0.06560499999999969,0.019206132739782333,0.6966279149055481,0.005365850403904915,0.11806965619325638,0.15370234847068787,0.007028164807707071
46,RT @ceisenstein: Opposition to GMOs is neither unscientific nor immoral.  https://t.co/NJ26B9mEAi,0.059039000000000286,0.005546942353248596,0.002809004858136177,0.0003527043154463172,0.989628791809082,0.0014513495843857527,0.00021129861124791205
47,RT @AthletesGmo: 2018å¹´åº¦ã®GMOã‚¢ã‚¹ãƒªãƒ¼ãƒ„ç´¹ä»‹ãƒ ãƒ¼ãƒ“ãƒ¼ã‚’å…¬é–‹ã„ãŸã—ã¾ã—ãŸã€‚æ˜¯éã”è¦§ãã ã•ã„ï¼,0.06814699999999974,0.07690230756998062,0.7322276830673218,0.017650039866566658,0.11159931868314743,0.05407293140888214,0.007547750603407621
48, https://t.co/q8ul1urfx7,0.037504000000000204,0.03279532119631767,0.5208041667938232,0.008474406786262989,0.1810276359319687,0.25167593359947205,0.005222578998655081
49,RT @EliasMichalas: 37 Million Bees Found Dead After Planting Large GMO Corn Field https://t.co/Cb4O7KPsC6 #thismorning #bbcdp #marr #Pestonâ€¦,0.07634199999999947,0.4300517737865448,0.004034020937979221,0.0009811434429138899,0.012963983230292797,0.5487697124481201,0.0031993426382541656
50,@ABDanielleSmith Your segment on GMO brought out mostly the misinformed. I agree you need to do more on this topic. Canola was transformed from rapeseed before GMO technology. It was then transformed to herbicide resistant some 20+ years later using GMO ...,0.09365199999999962,0.025020167231559753,0.2547861635684967,0.0025307212490588427,0.6099948883056641,0.10539016127586365,0.0022778587881475687
51,ã€æ³¨ç›®ã€‘è©±é¡Œæ ªãƒ”ãƒƒã‚¯ã‚¢ãƒƒãƒ—ã€å¤•åˆŠã€‘1ï¼šãƒãƒãƒ•ã‚©ã€ï¼§ï¼­ï¼¯ã€å¤§å¡šï¼¨ï¼¤ https://t.co/1s35aaQB7A,0.06659799999999994,0.04619544744491577,0.7061992883682251,0.008908391930162907,0.15608276426792145,0.07786635309457779,0.004747707862406969
52,RT @EliasMichalas: 37 Million Bees Found Dead After Planting Large GMO Corn Field https://t.co/Cb4O7KPsC6 #thismorning #bbcdp #marr #Pestonâ€¦,0.08199000000000023,0.4300517737865448,0.004034020937979221,0.0009811434429138899,0.012963983230292797,0.5487697124481201,0.0031993426382541656
53,RT @Shari2112: 37 MILLION dead bees after the planting of a GMO cornfield.... how much of this can we take??? Man CANNOT duplicate what a bâ€¦,0.0964640000000001,0.7787664532661438,0.029238315299153328,0.0013572563184425235,0.057546574622392654,0.12815441191196442,0.004936995916068554
54,GMOã‚¯ãƒªãƒƒã‚¯è¨¼åˆ¸ã®ãƒã‚¤ãƒŠãƒª https://t.co/KZogck3fX8,0.07829100000000011,0.03927890956401825,0.7555193901062012,0.008457787334918976,0.11558492481708527,0.07761795818805695,0.0035410209093242884
55,@SusanIverach @Danbalkwill1 @duanedaniel @Deplorable_Bree @Sleighmiller69 @WileyCoyote19 @bon_camp @FelixAnchor__ @SaskieTim @DeanH80866124 @NewImproved9 @trishshirlaw @dunbdav @SaskLass @Ken37584707 @LideFranks @BrandonGeiger17 @NicolaHanson9 @rossw04 @...,0.21055700000000055,0.04688839986920357,0.6853401064872742,0.0070273252204060555,0.17302368581295013,0.0827711746096611,0.004949301015585661
56,ç·Šæ€¥äº‹æ…‹ï¼ éºä¼å­çµ„ã¿æ›ãˆã§ãªã„é£Ÿå“ãŒæ¶ˆãˆã‚‹ï¼ï¼Ÿ æ¶ˆè²»è€…åºã®è¡¨ç¤ºåˆ¶åº¦æ¤œè¨å§”å“¡ä¼šã¯æ¶ˆè²»è€…ã®æœ›ã‚€æ”¹å–„ã‚’ã—ãªã„ã°ã‹ã‚Šã‹ã‚€ã—ã‚åˆ¶åº¦æ”¹æ‚ªã‚’è¡ŒãŠã†ã¨ã—ã¦ã„ã‚‹ã€‚ã“ã®ã¾ã¾ã§ã¯å±é™ºï¼ æ¤œè¨å§”...,0.13518099999999933,0.1193673238158226,0.5031446218490601,0.01863488182425499,0.1756560057401657,0.1721358597278595,0.011061291210353374
57,RT @kllro_: ã‚«ãƒƒã‚³ã„ã„ã®ãŒå…¬é–‹ã•ã‚Œã¾ã—ãŸï¼ï¼ï¼,0.07012000000000018,0.04522336646914482,0.7243502140045166,0.009618408977985382,0.17412874102592468,0.04058913141489029,0.006090003065764904
58, ã¦ã‹ã™ã’ã‡ã‹ã£ã“ã„ã„www,0.06170400000000065,0.1795744150876999,0.18483909964561462,0.014068027026951313,0.4054216146469116,0.20170241594314575,0.014394452795386314
59, 2018å¹´åº¦GMOã‚¢ã‚¹ãƒªãƒ¼ãƒ„ç´¹ä»‹ãƒ ãƒ¼ãƒ“ãƒ¼ - GMOã‚¢ã‚¹ãƒªãƒ¼ãƒ„ https://t.co/UAzmehU4Yc,0.15468800000000016,0.03694745525717735,0.8209256529808044,0.007176623679697514,0.10681608319282532,0.025615699589252472,0.002518574707210064
60,RT @Marius225566: RT @ArseneLupe: Date Set: Japanâ€™s Internet Giant GMO Will Launch 7nm Bitcoin Miner on June 6 https://t.co/exYhuBj5GA @BTCTN ,0.10816800000000004,0.01654246635735035,0.8261834383010864,0.004081081133335829,0.10085932910442352,0.049558453261852264,0.0027752381283789873
61, #cryptocurrency #bitcoin #BTC #crypto #Blockchain #ICO,0.04665299999999917,0.027483133599162102,0.49798357486724854,0.007607650011777878,0.15019728243350983,0.30786076188087463,0.008867591619491577
62,"@Resourceful1942 I'm sorry, how does this prove that GMOs are harmful?",0.04310599999999987,0.2222020924091339,0.005809732247143984,0.001212763017974794,0.7668452262878418,0.003437975887209177,0.0004922708030790091
63,Improve @USDA_AMS's #GMO labeling standard -- @SierraRise  https://t.co/bIgWWm8u3m,0.06143300000000007,0.012124179862439632,0.9217097163200378,0.002938640071079135,0.042002707719802856,0.019804123789072037,0.0014206947525963187
64,"RT @ClarkiStomias: @ScottAdamsSays GMOs, WiFi, delayed child-rearing, carcinogenic oral contraceptives, careerism, abortion, nuclear familyâ€¦",0.06776099999999996,0.022480327636003494,0.002728828927502036,0.0004147190775256604,0.00742725795134902,0.965925931930542,0.0010229659965261817
65,3 Journalists who are Disturbingly Cozy with @MonsantoCo &amp; Big Biotech on #GMOs https://t.co/RxKSn2mcyp  @AlterNet @USRightToKnow,0.07039699999999982,0.007132448256015778,0.11100560426712036,0.6963320374488831,0.061321921646595,0.10225722193717957,0.021950697526335716
66,RT @JaeMajette: Yâ€™all. I donâ€™t know if I can just flake on eco styler and i still eat McDonaldâ€™s. Likeeeee ğŸ˜‚ğŸ˜‚ğŸ˜‚ All this gmo and chemical inâ€¦,0.09497,0.0012655481696128845,0.9947285056114197,0.0006745837745256722,0.002047679852694273,0.0009550507529638708,0.00032865020330064
67,"RT @NonGMOProject: If the current proposal passes, that could mean companies who want to hide their #GMO affiliations could easily obscureâ€¦",0.12320399999999943,0.021727826446294785,0.017839932814240456,0.0008830239530652761,0.028062457218766212,0.9275359511375427,0.003950826358050108
68,Date Set: Japanâ€™s Internet Giant GMO Will Launch 7nm Bitcoin Miner on JuneÂ 6 https://t.co/ciITREPvFn,0.11578999999999962,0.016201669350266457,0.7812255024909973,0.004646459594368935,0.10847350209951401,0.0860738679766655,0.003378924448043108
69,"æ—¥ ITì—…ì²´ GMO, ì„¸ê³„ ìµœì´ˆ '7ë‚˜ë…¸ ì¹© ì±„êµ´ê¸°' ìƒì‚° ì˜ˆì • https://t.co/jvIQk1kSk6",0.08608100000000007,0.03220236673951149,0.7289780378341675,0.007865705527365208,0.15650369226932526,0.07020296156406403,0.0042473915964365005
70,Dear @JustinTrudeau  -- This is not small potatoes. We need to ban this stuff. #neonicotinoides  https://t.co/Wxw49n4AyP,0.06478000000000073,0.07013145089149475,0.04871274530887604,0.002770137507468462,0.8113877773284912,0.06592081487178802,0.0010770510416477919
71,@PameeMendiburo Nada srta Nutricionista,0.0352560000000004,0.0030746900010854006,0.9831138849258423,0.0026966696605086327,0.008417663164436817,0.0022131234873086214,0.00048397062346339226
72,@tunentl ã€Œã‚†ã‚ã´ã‚Šã‹ã€ã¯ã€Œæœ­ç³»96118ã€ã¨ã€Œä¸Šè‚²427å·ã€ã®äº¤é…ã‹ã‚‰é¸æŠœã•ã‚ŒãŸå¾Œä»£ã§ã€ï¼§ï¼­ï¼¯ã§ã¯ã‚ã‚Šã¾ã›ã‚“ã€‚ã€Œãªãªã¤ã¼ã—ã€ã‚‚ã€Œã²ã¨ã‚ã¼ã‚ŒÃ—ç©ºç³»90242Aã€ã¨ã€Œç©ºè‚²150å·ã€ã®äº¤é…ã§ï¼§ï¼­ï¼¯ã§ã¯...,0.11265400000000003,0.10730993747711182,0.4081011712551117,0.015626316890120506,0.28699907660484314,0.17228098213672638,0.00968259572982788
73,"RT @AFreshLook: GMO Farming uses fewer pesticides, making our water sources safer and more enjoyable for our families. https://t.co/2Kq4Wzaâ€¦",0.06587600000000027,0.0004388732195366174,0.9984976053237915,0.0003500320599414408,0.0003209848655387759,0.0002009175659622997,0.00019154109759256244
74,https://t.co/nDQ7YW8Dqp,0.04749200000000009,0.029785264283418655,0.4346584379673004,0.008960288017988205,0.21461321413516998,0.30638405680656433,0.005598737858235836
75,Dear @MPCelina -- Would appreciate you taking a request to Ottawa to ban #neonicotinoides in Ontario. https://t.co/Wxw49n4AyP,0.06585999999999981,0.011755363084375858,0.9349321722984314,0.015549329109489918,0.031335048377513885,0.005724002607166767,0.0007041962817311287
76,RT @17haseEri: ã¾ã ã‹ï¼Ÿã¾ã ã‹ï¼Ÿä¸‹ç”°Pã¾ã ã‹ï¼Ÿã¨æ€ã£ã¦ã„ã‚‹ã¨ã“ã‚ã«ãƒ‰ãƒ¼ãƒ³ã¨ç¾ã‚Œã‚‹ã‚·ãƒ¼ãƒ³å¥½ãğŸ˜†ã¨ã«ã‹ãã‚«ãƒƒã‚³ã„ã„ãƒ ãƒ¼ãƒ“ãƒ¼âœ¨,0.06579600000000063,0.1218203753232956,0.5409132838249207,0.021159905940294266,0.18421326577663422,0.12065057456493378,0.011242573149502277
77, https://t.co/nmHxcxuQFd,0.07265099999999958,0.027578134089708328,0.404401034116745,0.008572784252464771,0.20007415115833282,0.35371828079223633,0.005655630957335234
78,RT @JaeMajette: Yâ€™all. I donâ€™t know if I can just flake on eco styler and i still eat McDonaldâ€™s. Likeeeee ğŸ˜‚ğŸ˜‚ğŸ˜‚ All this gmo and chemical inâ€¦,0.13345300000000027,0.0012655481696128845,0.9947285056114197,0.0006745837745256722,0.002047679852694273,0.0009550507529638708,0.00032865020330064
79,@PameeMendiburo AsÃ­ es! Hoy toco trabajar hasta la noche.,0.06112300000000026,0.02253171242773533,0.579184889793396,0.005342926364392042,0.3567948639392853,0.03211469575762749,0.004030939191579819
80,"RT @ladbible: Get a dog they said, it'll be fun they said... https://t.co/uNqHVj2TNJ",0.08739600000000003,0.003094685496762395,0.9732634425163269,0.0014487094013020396,0.019955888390541077,0.001634176354855299,0.000603044347371906
81,@karoolatas @AJEnglish I hope you don't eat animals if you're worried about GMOs? https://t.co/4PPMHiTc3U,0.07985299999999995,0.0014102752320468426,0.0007066496182233095,0.00021889459458179772,0.0034185166005045176,0.9939243197441101,0.00032136202207766473
82,RT @GMWatch: Trial hyped as GMO success shows no need for GMO potato https://t.co/MmV68vdqkb Non-GMO blight-resistant potato performs justâ€¦,0.07263599999999926,0.029538461938500404,0.7640713453292847,0.0051659042946994305,0.11457505077123642,0.08399654179811478,0.0026525496505200863
83,"I wondered when the attacks on this would start. Looks like the success of this #GMO has them aerated now. To be fair, though: I saw Michael Pollan eat one, and look what happened to him--now he takes acid. https://t.co/In6M3KIuXD https://t.co/jFgXlQH3Yz",0.12410799999999966,0.02604343183338642,0.822861909866333,0.002439700998365879,0.14234013855457306,0.004528851248323917,0.0017859749495983124
84,RT @JaeMajette: Yâ€™all. I donâ€™t know if I can just flake on eco styler and i still eat McDonaldâ€™s. Likeeeee ğŸ˜‚ğŸ˜‚ğŸ˜‚ All this gmo and chemical inâ€¦,0.06747499999999995,0.0012655481696128845,0.9947285056114197,0.0006745837745256722,0.002047679852694273,0.0009550507529638708,0.00032865020330064
85,US Taxpayers Fund #GMO Advertising Overseas:,0.03133199999999903,0.048135433346033096,0.5777478218078613,0.008475917391479015,0.3364855945110321,0.024700701236724854,0.004454575013369322
86, https://t.co/xIX4ZlONQ9,0.03774699999999953,0.03056700900197029,0.4192003905773163,0.00877116434276104,0.23454752564430237,0.301500141620636,0.005413728300482035
87, Remove #GMO or,0.026812999999998866,0.062059517949819565,0.022714823484420776,0.0020183944143354893,0.8881850838661194,0.02346033602952957,0.0015618159668520093
88, LABEL IT Easy2C ON PACKAGE,0.03947699999999976,0.01152938511222601,0.937393307685852,0.003004402155056596,0.04075480252504349,0.005903996992856264,0.0014141188003122807
89, @SenPatRoberts @SenStabenow,0.06994599999999984,0.03333684802055359,0.5105262994766235,0.007640423718839884,0.4010430872440338,0.04173053056001663,0.005722717847675085
90,where is the difference? https://t.co/khVz4s72Yi,0.1015599999999992,0.032741352915763855,0.3276672065258026,0.005358475260436535,0.3624780476093292,0.26638972759246826,0.00536513514816761
91,THE WAY TO GROW ENOUGH TO FEED YOUR FAMILY https://t.co/mvMCjbFOWh Get The Seed Guy Non GMO Heirloom Seeds--Seed Packages Best Price In The Country https://t.co/KLjRkhC480   #gardening #seeds #preppers https://t.co/WtTxlkcRkf,0.17966499999999996,0.004518650006502867,0.9744691848754883,0.005147218704223633,0.013132971711456776,0.002201786730438471,0.0005301354103721678
92,"RT @Bitcoin: Japanâ€™s GMO Internet announced that it will unveil its flagship bitcoin mining machine, called GMO miner B2, equipped with theâ€¦",0.07033699999999854,0.0030151251703500748,0.9791840314865112,0.0012976484140381217,0.010189629159867764,0.004907618276774883,0.0014059956884011626
93,RT @topiinyo0627: ã‹ã£ã“ã„ã„ã®ã§æœ€å¾Œã¾ã§è¦‹ã¦ãã ã•ã„ã€‚,0.12990100000000027,0.07535146176815033,0.6088023781776428,0.013641344383358955,0.1903962343931198,0.10434417426586151,0.007464422378689051
94, 2018å¹´åº¦GMOã‚¢ã‚¹ãƒªãƒ¼ãƒ„ç´¹ä»‹ãƒ ãƒ¼ãƒ“ãƒ¼ - GMOã‚¢ã‚¹ãƒªãƒ¼ãƒ„ https://t.co/j186mceDCj,0.09303199999999912,0.03702670708298683,0.8264610171318054,0.007026016246527433,0.10186544805765152,0.025049583986401558,0.00257130223326385
95,å¤¢ã‚’æŒã¤ã“ã¨ã«é–¢ã—ã¦ã€å¤§åŠã®äººã¯ã€Œåˆ†ç›¸å¿œã®å¤¢ã‹ã©ã†ã‹ã€ã‚’,0.05719399999999908,0.12390580773353577,0.5022717118263245,0.030497577041387558,0.18571729958057404,0.14372646808624268,0.013881114311516285
96, è€ƒãˆã¦ç«‹ã¡æ­¢ã¾ã£ã¦ã—ã¾ã†ã‹ã‚‚ã—ã‚Œã¾ã›ã‚“ã€‚,0.04546099999999953,0.14264294505119324,0.41791242361068726,0.024692177772521973,0.2174052745103836,0.17822851240634918,0.019118795171380043
97, ã§ã‚‚ã€ãã‚Œã¯ç„¡æ„å‘³ã§ã™ã€‚,0.038077999999998724,0.12321595102548599,0.4663488268852234,0.01499816682189703,0.22829917073249817,0.15517421066761017,0.011963591910898685
98, äººã®ã€Œåˆ†ã€ã¨ã„ã†ã‚‚ã®ã¯ã€å¤¢ã«å‘ã‹ã£ã¦åŠªåŠ›ã™ã‚‹ã‹...,0.05031699999999972,0.10139331966638565,0.491286039352417,0.012013663537800312,0.24975436925888062,0.13818800449371338,0.007364597637206316
99,RT @BTCTN: Japanâ€™s Internet Giant GMO Will Launch #7nm Bitcoin Miner on June 6. https://t.co/joGbwH8z4C https://t.co/VDECH68gal,0.09679700000000047,0.016272304579615593,0.8171439170837402,0.004187913611531258,0.11354482918977737,0.04628034308552742,0.0025706856977194548
100,"RT @daphneedenis: Sublime cette photo Ã  la veille du vote irlandais pour lÃ©galiser, ou non, l'avortement. https://t.co/850KN0z1BR",0.07152899999999995,0.014701291918754578,0.8713052272796631,0.00464408565312624,0.08611731231212616,0.021283134818077087,0.00194881996139884
101,å”¯ä¸€æŒã£ã¦ã„ã‚‹GMOã‚¤ãƒ³ã‚¿ãƒ¼ãƒãƒƒãƒˆã®æ ªãŒ1å¹´ãã‚‰ã„ã§å€ã«ãªã£ã¦ã„ã‚‹ã“ã¨ã«ä»Šæ—¥æ°—ãŒã¤ã„ãŸ,0.05064599999999864,0.12447124719619751,0.4850963354110718,0.030359087511897087,0.16498912870883942,0.17757900059223175,0.017505157738924026
102, å¤§ã—ãŸåˆ©ç›Šã˜ã‚ƒãªã„ã‘ã©å¬‰ã—ã„ https://t.co/wy0vbETRLQ,0.053281000000000134,0.04374902695417404,0.6377027034759521,0.007734042592346668,0.16616882383823395,0.13926555216312408,0.005379872862249613
103,RT @JaeMajette: Yâ€™all. I donâ€™t know if I can just flake on eco styler and i still eat McDonaldâ€™s. Likeeeee ğŸ˜‚ğŸ˜‚ğŸ˜‚ All this gmo and chemical inâ€¦,0.07095299999999938,0.0012655481696128845,0.9947285056114197,0.0006745837745256722,0.002047679852694273,0.0009550507529638708,0.00032865020330064
104,"RT @YuzuRamenCA: On a nice day, come and enjoy our patio seating! ğŸŒ¿Our #bonebroths are made with high #quality meats and bones, no MSGs, noâ€¦",0.06618899999999961,0.000678235141094774,0.9967392086982727,0.0009756996296346188,0.0010692389914765954,0.0002724207006394863,0.0002651292597874999
105,"Final thought, Jeffery fucking Smith is not a scientist and does not understand the science of how GMOs are made, but he made a good living bashing them. If you want the real facts, go watch â€œFood Evolutionâ€ a well made movie that looks at both sides!",0.09623800000000138,0.009801508858799934,0.6446425914764404,0.0034027243964374065,0.335733026266098,0.003982265945523977,0.002437965013086796
106,RT @bmngabirano1: 37 Million Bees Found Dead After Planting Large GMO Corn Field https://t.co/SG9jEAlwDS,0.07649499999999954,0.5362410545349121,0.004256206098943949,0.0010492478031665087,0.00919563788920641,0.44593796133995056,0.003319866955280304
107,RT @HishamKhojah: @mushawah1 @DietArab Ø§Ù„Ø£ØºØ°ÙŠØ© Ø§Ù„Ù…Ø¹Ø¯Ù„Ø© ÙˆØ±Ø§Ø«ÙŠØ§Ù‹ GMO,0.08485799999999877,0.03411604091525078,0.6148548126220703,0.006921068765223026,0.2751782536506653,0.06502027064561844,0.0039095813408494
108, Ù…Ù‚Ø§Ù„ Ù„Ù„ØªÙˆØ¹ÙŠØ©,0.04932900000000018,0.10047678649425507,0.32344743609428406,0.02026136964559555,0.34018275141716003,0.19749557971954346,0.01813599467277527
109, Ù„Ù…Ø§Ø°Ø§ ØªØ¹Ø¯Ù„ Ùˆ Ù…Ø§Ù‡ÙŠ Ø§Ù„Ù…Ø®Ø§Ø·Ø± ÙˆÙ…Ø§Ù‡ÙŠ Ø§Ù„Ø¨Ø¯Ø§Ø¦Ù„,0.07842400000000005,0.08715785294771194,0.39431726932525635,0.02223578281700611,0.29651135206222534,0.18319541215896606,0.016582230105996132
110,  https://t.co/JYZfhâ€¦,0.03773400000000038,0.02640288695693016,0.43071186542510986,0.007520066108554602,0.30603015422821045,0.2239135056734085,0.005421543959528208
111,37 Million Bees Found Dead After Planting Large GMO Corn Field https://t.co/CPdGBitCHO,0.049929000000000556,0.20621749758720398,0.004203718155622482,0.0008827878627926111,0.011898829601705074,0.7736446261405945,0.003152549732476473
112,The benefits of GMO corn - Country Guide https://t.co/8RDNBTgwj9 #westcdnag #GMO,0.05633199999999938,0.004494442138820887,0.9837964177131653,0.0012905375333502889,0.007284055929630995,0.002551132347434759,0.0005834117764607072
113,RT @GMOfreeEurope: Whole Foods provides multiple resources for shoppers who wish to avoid buying #GMO products.Â  https://t.co/8VVhv0KtJo viâ€¦,0.06609400000000143,0.0817573294043541,0.2511921226978302,0.005485845729708672,0.38766446709632874,0.2719433903694153,0.0019568447023630142
114,"RT @Bitcoin: Japanâ€™s GMO Internet announced that it will unveil its flagship bitcoin mining machine, called GMO miner B2, equipped with theâ€¦",0.05696499999999993,0.0030151251703500748,0.9791840314865112,0.0012976484140381217,0.010189629159867764,0.004907618276774883,0.0014059956884011626
115,GMOã‚¢ã‚¹ãƒªãƒ¼ãƒ„ã®ãƒ“ãƒ‡ã‚ªãŒã‹ã£ã“ã‚ˆã™ãã¦å¹³å¸¸å¿ƒã§è¦‹ã‚‰ã‚Œãªã„â€¦ã€‚ãªã‚“ã§ã™ã‹ã“ã‚Œã¯(T . T),0.06385900000000078,0.08843439072370529,0.46419015526771545,0.01421417761594057,0.26710379123687744,0.15842929482460022,0.007628164254128933
116,"RT @mem_somerville: I wondered when the attacks on this would start. Looks like the success of this #GMO has them aerated now. To be fair,â€¦",0.05619000000000085,0.004582624416798353,0.9788888096809387,0.0009136449079960585,0.012349625118076801,0.0022679362446069717,0.000997434719465673
117,RT @JaeMajette: Yâ€™all. I donâ€™t know if I can just flake on eco styler and i still eat McDonaldâ€™s. Likeeeee ğŸ˜‚ğŸ˜‚ğŸ˜‚ All this gmo and chemical inâ€¦,0.06901199999999896,0.0012655481696128845,0.9947285056114197,0.0006745837745256722,0.002047679852694273,0.0009550507529638708,0.00032865020330064
118,RT @BTCTN: Japanâ€™s Internet Giant GMO Will Launch #7nm Bitcoin Miner on June 6. https://t.co/joGbwH8z4C https://t.co/VDECH68gal,0.09531199999999984,0.016272304579615593,0.8171439170837402,0.004187913611531258,0.11354482918977737,0.04628034308552742,0.0025706856977194548
119,ã‚½ãƒ‹ãƒ¼ã€GMOã€ã‚¢ã‚¤ãƒ“ãƒ¼ã‚·ãƒ¼ãªã© https://t.co/q58KbkkwxC,0.053456000000000614,0.04552747309207916,0.6062025427818298,0.00847907830029726,0.24720369279384613,0.0887661799788475,0.0038210530765354633
120,@troysk704 @OhGodAGirl @NODEhaven @HalongMining @BITMAINtech @canaanio GMO Internet out of Japan for one.,0.06377299999999941,0.017352666705846786,0.7154147028923035,0.009301411919295788,0.1817387491464615,0.07228774577379227,0.0039047205355018377
121,RT @EliasMichalas: 37 Million Bees Found Dead After Planting Large GMO Corn Field https://t.co/Cb4O7KPsC6 #thismorning #bbcdp #marr #Pestonâ€¦,0.0753629999999994,0.4300517737865448,0.004034020937979221,0.0009811434429138899,0.012963983230292797,0.5487697124481201,0.0031993426382541656
122,RT @pabloguelperin: #AfSFarmers ,0.036831999999998644,0.02740968018770218,0.5683498978614807,0.008064648136496544,0.2621043622493744,0.12885993719100952,0.005211551208049059
123, #SciComms ,0.025902999999999565,0.023487892001867294,0.6893000602722168,0.009752718731760979,0.15770843625068665,0.11004218459129333,0.009708662517368793
124, #GMOs,0.028537999999999286,0.036836475133895874,0.6994614005088806,0.01456802524626255,0.18962274491786957,0.050796423107385635,0.008714847266674042
125, #AgTech,0.02895600000000087,0.04106608405709267,0.5743725895881653,0.014904812909662724,0.2987014055252075,0.06238527595996857,0.00856977328658104
126," @ScienceAl trabajando con amigos de la comunidad Agroalimentaria del mundo, comoâ€¦",0.052839999999999776,0.002824138617143035,0.9707950353622437,0.0017990968190133572,0.016876354813575745,0.006272037047892809,0.0014334501465782523
127,RT @JaeMajette: Yâ€™all. I donâ€™t know if I can just flake on eco styler and i still eat McDonaldâ€™s. Likeeeee ğŸ˜‚ğŸ˜‚ğŸ˜‚ All this gmo and chemical inâ€¦,0.07573499999999989,0.0012655481696128845,0.9947285056114197,0.0006745837745256722,0.002047679852694273,0.0009550507529638708,0.00032865020330064
128,RT @FoodSovereignGH: 37 Million Bees Found Dead After Planting Large GMO Corn Field â€“ DailyNativeNews https://t.co/leAGJ5m0KM,0.07703900000000097,0.6153977513313293,0.004553737118840218,0.0010896394960582256,0.009502948261797428,0.366483598947525,0.002972327871248126
129,RT @cJeyp: Irresponsible headline alert: Neonicotinoids (nicotine based insecticide) killed the bees. STOP THE STIGMA AGAINST THE USE OF GMâ€¦,0.06543100000000024,0.6734455823898315,0.003923595882952213,0.0011147435288876295,0.2839128375053406,0.0361444465816021,0.0014587605837732553
130,GMOâ€™s Cryptocurrency Mining Operation Hits the Ground Running: 900 Bitcoin Mined Already https://t.co/RBtsDf5jpO #bitcoin #blockchain #ico #airdrop #crypto #eth #8fa3gb,0.09849700000000006,0.01885593868792057,0.22113832831382751,0.004646137822419405,0.36185526847839355,0.38760116696357727,0.005903150886297226
131,"I received a $200.00 donation for Service Dogs by Warren Retrievers! So far I've raised $21,073.75! https://t.co/sdXzq4koRI",0.06850599999999929,0.00454489141702652,0.9360378384590149,0.00866759940981865,0.045181117951869965,0.004527328535914421,0.0010411723051220179
132,RT @JaeMajette: Yâ€™all. I donâ€™t know if I can just flake on eco styler and i still eat McDonaldâ€™s. Likeeeee ğŸ˜‚ğŸ˜‚ğŸ˜‚ All this gmo and chemical inâ€¦,0.06837300000000113,0.0012655481696128845,0.9947285056114197,0.0006745837745256722,0.002047679852694273,0.0009550507529638708,0.00032865020330064
133,RT @EliasMichalas: 37 Million Bees Found Dead After Planting Large GMO Corn Field https://t.co/Cb4O7KPsC6 #thismorning #bbcdp #marr #Pestonâ€¦,0.07345399999999991,0.4300517737865448,0.004034020937979221,0.0009811434429138899,0.012963983230292797,0.5487697124481201,0.0031993426382541656
134,RT @JaeMajette: Yâ€™all. I donâ€™t know if I can just flake on eco styler and i still eat McDonaldâ€™s. Likeeeee ğŸ˜‚ğŸ˜‚ğŸ˜‚ All this gmo and chemical inâ€¦,0.0680960000000006,0.0012655481696128845,0.9947285056114197,0.0006745837745256722,0.002047679852694273,0.0009550507529638708,0.00032865020330064
135,RT @JaeMajette: Yâ€™all. I donâ€™t know if I can just flake on eco styler and i still eat McDonaldâ€™s. Likeeeee ğŸ˜‚ğŸ˜‚ğŸ˜‚ All this gmo and chemical inâ€¦,0.07831800000000122,0.0012655481696128845,0.9947285056114197,0.0006745837745256722,0.002047679852694273,0.0009550507529638708,0.00032865020330064
136,Improve @USDA_AMS's #GMO labeling standard -- @SierraRise  https://t.co/BK45Ht0crW,0.059485999999999706,0.01219784002751112,0.9170269966125488,0.0033011692576110363,0.04295145720243454,0.022928068414330482,0.0015945251798257232
137,ã‚²ãƒ¼ãƒ ã§éŠã¶ã ã‘ã§ãƒã‚¤ãƒ³ãƒˆãŒè²°ãˆã¡ã‚ƒã†ï¼ä»–ã«ã‚‚è‰²ã€…ãªãƒã‚¤ãƒ³ãƒˆã®è²¯ã‚æ–¹ãŒã‚ã‚Šã¾ã™ï¼è²¯ã¾ã£ãŸãƒã‚¤ãƒ³ãƒˆã¯ç¾é‡‘ã‚„é›»å­ãƒãƒãƒ¼ã«äº¤æ›ã§ãã‚‹ã€‚,0.08187700000000042,0.10607797652482986,0.6004716753959656,0.024621838703751564,0.13400232791900635,0.11994582414627075,0.014880294911563396
138, ã€Point Townã€‘å¤§æ‰‹GMOãŒé‹å–¶ã—ã¦ã„ã‚‹ã‹ã‚‰å®‰å¿ƒ...,0.049690999999999264,0.08771520853042603,0.4423944354057312,0.009294756688177586,0.25580185651779175,0.19746717810630798,0.007326602935791016
139,Guy doing good! https://t.co/1A6xBW5plc https://t.co/q4SHKVQY6m,0.060748000000000246,0.001360365771688521,0.9942295551300049,0.00061471649678424,0.0024017002433538437,0.0009104210766963661,0.00048315399908460677
140,"RT @Bitcoin: Japanâ€™s GMO Internet announced that it will unveil its flagship bitcoin mining machine, called GMO miner B2, equipped with theâ€¦",0.06479999999999997,0.0030151251703500748,0.9791840314865112,0.0012976484140381217,0.010189629159867764,0.004907618276774883,0.0014059956884011626
141,RT @JaeMajette: Yâ€™all. I donâ€™t know if I can just flake on eco styler and i still eat McDonaldâ€™s. Likeeeee ğŸ˜‚ğŸ˜‚ğŸ˜‚ All this gmo and chemical inâ€¦,0.06792100000000012,0.0012655481696128845,0.9947285056114197,0.0006745837745256722,0.002047679852694273,0.0009550507529638708,0.00032865020330064
142,Improve @USDA_AMS's #GMO labeling standard -- @SierraRise  https://t.co/W7WFt8aSV6,0.0562699999999996,0.013766022399067879,0.9114122986793518,0.0033427197486162186,0.046729955822229385,0.02323015406727791,0.0015188524266704917
143,*RT @EngdahlFW https://t.co/rrGGWQrlac #Politics #GeoPolitics #GMO,0.061177999999999955,0.02283342182636261,0.5627781748771667,0.006267266348004341,0.34741562604904175,0.05768347904086113,0.0030221319757401943
144,RT @mashable: Are GMOs safe? https://t.co/B355ilm5bB,0.0655739999999998,0.0013504805974662304,0.9916700124740601,0.0007478099432773888,0.002151907654479146,0.0037577818147838116,0.0003220268408767879
145,ã‚²ãƒ¼ãƒ ã§éŠã¶ã ã‘ã§ãƒã‚¤ãƒ³ãƒˆãŒè²°ãˆã¡ã‚ƒã†ï¼ä»–ã«ã‚‚è‰²ã€…ãªãƒã‚¤ãƒ³ãƒˆã®è²¯ã‚æ–¹ãŒã‚ã‚‹ã‚ˆï¼è²¯ã¾ã£ãŸãƒã‚¤ãƒ³ãƒˆã¯ç¾é‡‘ã‚„é›»å­ãƒãƒãƒ¼ã«äº¤æ›ã§ãã‚‹ã€‚,0.08421000000000056,0.10079172253608704,0.6103172302246094,0.024496857076883316,0.13831457495689392,0.11203507333993912,0.014044552110135555
146, ã€Point Townã€‘ã‚ã®å¤§æ‰‹GMOãŒé‹å–¶ã—ã¦ã„ã‚‹ã‹ã‚‰å®‰...,0.049583000000000155,0.0936165377497673,0.44566822052001953,0.009364637546241283,0.278842031955719,0.1649453192949295,0.007563226856291294
147,RT @kllro_: ã‚«ãƒƒã‚³ã„ã„ã®ãŒå…¬é–‹ã•ã‚Œã¾ã—ãŸï¼ï¼ï¼,0.048705,0.04522336646914482,0.7243502140045166,0.009618408977985382,0.17412874102592468,0.04058913141489029,0.006090003065764904
148, ã¦ã‹ã™ã’ã‡ã‹ã£ã“ã„ã„www,0.0225919999999995,0.1795744150876999,0.18483909964561462,0.014068027026951313,0.4054216146469116,0.20170241594314575,0.014394452795386314
149, 2018å¹´åº¦GMOã‚¢ã‚¹ãƒªãƒ¼ãƒ„ç´¹ä»‹ãƒ ãƒ¼ãƒ“ãƒ¼ - GMOã‚¢ã‚¹ãƒªãƒ¼ãƒ„ https://t.co/UAzmehU4Yc,0.0696980000000007,0.03694745525717735,0.8209256529808044,0.007176623679697514,0.10681608319282532,0.025615699589252472,0.002518574707210064
150,Senate panel again calls for FDA labeling of #GMO salmon https://t.co/0kMj6BtXnL,0.04925600000000152,0.013780690729618073,0.06976871192455292,0.005747698713093996,0.8351432681083679,0.07291477173566818,0.0026449249126017094
151,RT @JaeMajette: Yâ€™all. I donâ€™t know if I can just flake on eco styler and i still eat McDonaldâ€™s. Likeeeee ğŸ˜‚ğŸ˜‚ğŸ˜‚ All this gmo and chemical inâ€¦,0.06704899999999903,0.0012655481696128845,0.9947285056114197,0.0006745837745256722,0.002047679852694273,0.0009550507529638708,0.00032865020330064
152,RT @kllro_: ã‚«ãƒƒã‚³ã„ã„ã®ãŒå…¬é–‹ã•ã‚Œã¾ã—ãŸï¼ï¼ï¼,0.045118000000000436,0.04522336646914482,0.7243502140045166,0.009618408977985382,0.17412874102592468,0.04058913141489029,0.006090003065764904
153, ã¦ã‹ã™ã’ã‡ã‹ã£ã“ã„ã„www,0.021584999999999965,0.1795744150876999,0.18483909964561462,0.014068027026951313,0.4054216146469116,0.20170241594314575,0.014394452795386314
154, 2018å¹´åº¦GMOã‚¢ã‚¹ãƒªãƒ¼ãƒ„ç´¹ä»‹ãƒ ãƒ¼ãƒ“ãƒ¼ - GMOã‚¢ã‚¹ãƒªãƒ¼ãƒ„ https://t.co/UAzmehU4Yc,0.06091699999999989,0.03694745525717735,0.8209256529808044,0.007176623679697514,0.10681608319282532,0.025615699589252472,0.002518574707210064
155,RT @JaeMajette: Yâ€™all. I donâ€™t know if I can just flake on eco styler and i still eat McDonaldâ€™s. Likeeeee ğŸ˜‚ğŸ˜‚ğŸ˜‚ All this gmo and chemical inâ€¦,0.06803099999999951,0.0012655481696128845,0.9947285056114197,0.0006745837745256722,0.002047679852694273,0.0009550507529638708,0.00032865020330064
156,"@RandPaul Everyone on the planet needs to detox from Glyphosate, fluoride, and GMOs. Hijacked brains are extremely unreasonable hateful humans #GMOsAtWork #BrokenBrains The resulting endocrine disruption is loss of empathy and compassion. If ppl were awa...",0.09435700000000047,0.0006450178334489465,0.0002244023053208366,0.00018807571905199438,0.9980448484420776,0.0007759504951536655,0.00012175598385510966
157,"Top story: Date Set: Japan's Internet Giant GMO Will Launch 7nm Bitcoin Miner oâ€¦ https://t.co/WWELONyarl, see more https://t.co/BoHcMI7iIZ",0.0774550000000005,0.013185233809053898,0.8606187105178833,0.003712122095748782,0.09619151800870895,0.024113604798913002,0.0021787360310554504
158,"Bitcoin analysis for May 25, 2018.",0.033815999999999846,0.037731777876615524,0.6592696905136108,0.006585259921848774,0.08250514417886734,0.20573848485946655,0.008169732987880707
159," The Bitcoin (BTC) has been trading downwards. As I expected, the price tested the level of $7,248. Japan's GMO Internet announced that it will unveil its flagship bitcoin mining machine, ",0.07212099999999921,0.004112234804779291,0.9226077795028687,0.0012945644557476044,0.019015513360500336,0.04855465516448021,0.004415180068463087
160, Read More: https://t.co/n9UMrG8...,0.03989699999999985,0.03152679279446602,0.7534412741661072,0.00619755033403635,0.1273185908794403,0.07698282599449158,0.004532890394330025
161,RT @JaeMajette: Yâ€™all. I donâ€™t know if I can just flake on eco styler and i still eat McDonaldâ€™s. Likeeeee ğŸ˜‚ğŸ˜‚ğŸ˜‚ All this gmo and chemical inâ€¦,0.07204899999999981,0.0012655481696128845,0.9947285056114197,0.0006745837745256722,0.002047679852694273,0.0009550507529638708,0.00032865020330064
162,@Alicia_GMo Buenas tardes yÃ¡..ya me decÃ­a..no asoma...pasa una bonita tarde Ali!! â˜ºğŸ˜š,0.05598700000000001,0.03988177701830864,0.4989032447338104,0.004456314258277416,0.394570529460907,0.05844797194004059,0.0037402489688247442
163,@elonmusk I see what you did there!,0.03663300000000014,0.09279230982065201,0.06735831499099731,0.0016430929535999894,0.8084918856620789,0.027394762262701988,0.002319575287401676
164,RT @JaeMajette: Yâ€™all. I donâ€™t know if I can just flake on eco styler and i still eat McDonaldâ€™s. Likeeeee ğŸ˜‚ğŸ˜‚ğŸ˜‚ All this gmo and chemical inâ€¦,0.07349299999999914,0.0012655481696128845,0.9947285056114197,0.0006745837745256722,0.002047679852694273,0.0009550507529638708,0.00032865020330064
165,RT @JaeMajette: Yâ€™all. I donâ€™t know if I can just flake on eco styler and i still eat McDonaldâ€™s. Likeeeee ğŸ˜‚ğŸ˜‚ğŸ˜‚ All this gmo and chemical inâ€¦,0.08444699999999905,0.0012655481696128845,0.9947285056114197,0.0006745837745256722,0.002047679852694273,0.0009550507529638708,0.00032865020330064
166,èƒ¸ã®å†…ã§ã—ã‚‡ã£ã¡ã‚…ã†ã¤ã¶ã‚„ã„ã¦ã„ã‚‹è¨€è‘‰ãŒã‚ã‚Šã¾ã™ã€‚ã€Œãƒã‚¤ãƒ³ãƒˆã€ãƒã‚¤ãƒ³ãƒˆã€‚ãƒã‚¤ãƒ³ãƒˆã¯ä½•ã ï¼Ÿä»Šé‡è¦ãªã“ã¨ã€ç·Šæ€¥ãªã“ã¨ã¯ä½•ã ï¼Ÿã€ã¨ã„ã†ã‚‚ã®ã§ã™ã€‚ã“ã†ã¤ã¶ã‚„ãã“ã¨ã«ã‚ˆã£ã¦é ­ãŒä¸€...,0.11906600000000012,0.10641446709632874,0.5016452074050903,0.01898651383817196,0.21575210988521576,0.1461147964000702,0.011086897924542427
167,RT @JaeMajette: Yâ€™all. I donâ€™t know if I can just flake on eco styler and i still eat McDonaldâ€™s. Likeeeee ğŸ˜‚ğŸ˜‚ğŸ˜‚ All this gmo and chemical inâ€¦,0.06981899999999897,0.0012655481696128845,0.9947285056114197,0.0006745837745256722,0.002047679852694273,0.0009550507529638708,0.00032865020330064
168,#pets 100% Organic Cat Grass Seed (NON GMO) #cats  https://t.co/otC3wy1HgP https://t.co/ZSFFC3miIv,0.0737009999999998,0.007579070515930653,0.9586825966835022,0.0032449166756123304,0.020187590271234512,0.009215380065143108,0.001090531935915351
169,#pets 100% Organic Cat Grass Seed (NON GMO) #cats  https://t.co/otC3wy1HgP https://t.co/PRufrEDYqu,0.06567199999999929,0.00736245047301054,0.9594669342041016,0.0029077399522066116,0.020904740318655968,0.008359449915587902,0.000998615869320929
170,#pets 100% Organic Cat Grass Seed (NON GMO) #cats  https://t.co/YwzgTDaeK3 https://t.co/qH2JAhSgCm,0.06658000000000008,0.007301669102162123,0.9637896418571472,0.0026101241819560528,0.017217902466654778,0.008099398575723171,0.0009812911739572883
171,RT @JaeMajette: Yâ€™all. I donâ€™t know if I can just flake on eco styler and i still eat McDonaldâ€™s. Likeeeee ğŸ˜‚ğŸ˜‚ğŸ˜‚ All this gmo and chemical inâ€¦,0.06639099999999942,0.0012655481696128845,0.9947285056114197,0.0006745837745256722,0.002047679852694273,0.0009550507529638708,0.00032865020330064
172,RT @SocialGameInfo: GMOã‚¤ãƒ³ã‚¿ãƒ¼ãƒãƒƒãƒˆã€TVã‚¢ãƒ‹ãƒ¡ã€Œè¦‡ç©¹ å°ç¥æ¼”ç¾©ã€ã®ã‚¹ãƒãƒ›å‘ã‘RPGã€è¦‡ç©¹ å°ç¥æ¼”ç¾© ï½ã‚»ãƒ³ã‚«ã‚¤ã‚¯ãƒ­ãƒ‹ã‚¯ãƒ«ï½ã€ã®äº‹å‰ç™»éŒ²ã‚’é–‹å§‹ï¼ https://t.co/0Lx8KCz45e https://t.co/nTW1dKTZvk,0.14521999999999835,0.04147345945239067,0.7775307297706604,0.010426601395010948,0.10442499071359634,0.0626615658402443,0.00348272523842752
173,"Monsanto Exec: ""Will Make a $Gift 2 the Foundation Right Away."" Discussing EPA Lobbying Push https://t.co/IexnwOYcts https://t.co/RbpkE8JaP8",0.10342699999999994,0.005341771990060806,0.11516816169023514,0.00701544526964426,0.8326985836029053,0.03792053833603859,0.0018554995767772198
174,@NestleUKI @NestleTollHouse @NestleIndia @nestleme I was a Regular #Customer until You #DecidedToHarmUs Via #Blocking_GMO_LABELING I wonder #WHAT_ELSE_ARE_YOU_TRYING_TOO_HIDE? SO I'VE BEEN #BOYCOTTINGEVER_SINCE!  #TheCustomersARE_ALWAYS_RIGHT= #The_BOARD...,0.1437690000000007,0.021809060126543045,0.8062000274658203,0.0025107653345912695,0.1491251289844513,0.018322892487049103,0.0020321207121014595
175,"#1 Childrenâ€™s Vitamin in US Contains: Aspartame, GMOs and Hazardous Chemicals https://t.co/inBKAbfu9o",0.06662899999999894,0.16297759115695953,0.09717148542404175,0.005646680016070604,0.4624063968658447,0.2674887180328369,0.004309141542762518
176, Yikes!! So glad my kids do not take these and yet they are healthier than ever!!! So very thankful we made the switch. Be careful what you are giving...,0.07298399999999994,0.00041466279071755707,0.9987105131149292,0.00031391833908855915,0.00021481445583049208,0.00017241590830963105,0.00017373324953950942
177,Tech Giant GMO to Roll Out World's First 7nm Bitcoin Miner https://t.co/7rlo5VkbOu,0.12310899999999947,0.004937834106385708,0.957400381565094,0.0016284100711345673,0.02469063736498356,0.00892292708158493,0.002419849159196019
178,ICYMI: Save 20% on AD-777 acidifier at $24/gal. Comparable to LI 700. Visit https://t.co/fI6L2ArQFX! ,0.07925700000000013,0.014339963905513287,0.749182939529419,0.005581335164606571,0.16554416716098785,0.05962202325463295,0.005729625467211008
179, #USFarmer #farmbill #FarmBill2018 #plant18 #spray18 #harvest18 #farming #ag #farmlife #ag365 #Farmers #pesticides #gmo #deals #soybeans #corn #farm #spr...,0.11203800000000008,0.039694301784038544,0.2530386447906494,0.010863956063985825,0.5770341753959656,0.11373905837535858,0.005629889201372862
180,RT @GMWatch: Senate panel again calls for FDA labeling of #GMO salmon https://t.co/0kMj6BtXnL,0.06063699999999983,0.01605735532939434,0.1281929910182953,0.004587911535054445,0.7663120627403259,0.0829678326845169,0.0018818348180502653
181,@mocofxup GMOã‚³ã‚¤ãƒ³ã¯ã©ã†ãƒªã‚¹ğŸ¹ï¼Ÿ,0.03293700000000044,0.07490246742963791,0.185477614402771,0.006377899553626776,0.6087895035743713,0.11783688515424728,0.006615649443119764
182, å¾€å¾©ã§600å††ã‹ã‹ã‚‹ã‚‰ã—ã„ã§ã™ã‘ã©GMOã¯æ³¨æ–‡ãŒã‚µã‚¯ã‚µã‚¯ã ã£ã¦æœ€è¿‘ã©ã“ã‹ã§è¦‹ãŸæ°—ãŒã™ã‚‹ãƒªã‚¹ğŸ¹ğŸ’¡,0.06701100000000082,0.1599065065383911,0.49403077363967896,0.027699995785951614,0.16499359905719757,0.13752815127372742,0.01584092527627945
183,RT @X_Confucius: Reasons why I buy conventionally grown produce. All this shit gmo lol https://t.co/nBHUJp3hpX,0.06367000000000012,0.023275794461369514,0.27644482254981995,0.003140020649880171,0.6637136936187744,0.03153055161237717,0.0018951442325487733
184,GMO Answers is a Marketing and PR Website for GMO Companies https://t.co/0mnMZGxCVx via @natural_blaze,0.0702809999999996,0.015133644454181194,0.8369038105010986,0.005344285164028406,0.11246806383132935,0.02806520275771618,0.00208501098677516
